Topic,Subtopic,Search Volume,Difficulty,Topic Efficiency,Content Idea,Content Idea type,Content Idea backlinks count,Content Idea URL,Domain
buy used smartwatch,samsung galaxy,246000,66.0,High,Galaxy Watch (46mm) Silver (Bluetooth),Headline,151,https://www.samsung.com/us/mobile/wearables/smartwatches/galaxy-watch--46mm--silver--bluetooth--sm-r800nzsaxar/,
buy used smartwatch,samsung galaxy,246000,66.0,High,Sell Samsung Galaxy Watch,Headline,3,https://www.gizmogo.com/sell-smartwatches/samsung,
buy used smartwatch,samsung galaxy,246000,66.0,High,samsung smartwatch refurbished,Headline,1,https://www.bestbuy.com/site/searchpage.jsp?id=pcat17071&st=samsung+smartwatch+refurbished,
buy used smartwatch,samsung galaxy,246000,66.0,High,Samsung Galaxy Watch Smartwatches for Sale,Headline,0,https://www.ebay.com/b/Samsung-Galaxy-Watch-Smartwatches/178893/bn_117606006,
buy used smartwatch,samsung galaxy,246000,66.0,High,Used & Refurbished Samsung Watches,Headline,0,https://www.backmarket.com/en-us/l/samsung-watch/53e36d28-75a4-421b-b70e-c13667d7c741,
buy used smartwatch,samsung galaxy,246000,66.0,High,Certified Refurbished Samsung Watches,Headline,0,https://reebelo.com/collections/samsung-watches,
buy used smartwatch,samsung galaxy,246000,66.0,High,Samsung Galaxy Watch Refurbished,Headline,0,https://www.walmart.com/c/kp/samsung-galaxy-watch-refurbished,
buy used smartwatch,samsung galaxy,246000,66.0,High,Is it worth it to buy a used galaxy watch 5 pro?,Headline,0,https://www.reddit.com/r/GalaxyWatch/comments/1ddxrz7/is_it_worth_it_to_buy_a_used_galaxy_watch_5_pro/,
buy used smartwatch,samsung galaxy,246000,66.0,High,Samsung Watches,Headline,0,https://swappa.com/buy/smartwatch/samsung,
buy used smartwatch,samsung galaxy,246000,66.0,High,Buy Smartwatch,Headline,0,https://buy.smartphonesplus.com/collections/buy-smartwatch,
buy used smartwatch,samsung galaxy,246000,66.0,High,Should I buy a Samsung Galaxy smartwatch?,Question,0,,
buy used smartwatch,samsung galaxy,246000,66.0,High,Is it worth getting a Samsung Galaxy watch?,Question,0,,
buy used smartwatch,samsung galaxy,246000,66.0,High,Do pawnshops buy smartwatches?,Question,0,,
buy used smartwatch,samsung galaxy,246000,66.0,High,Are Samsung Galaxy watches unlocked?,Question,0,,
buy used smartwatch,samsung galaxy,246000,66.0,High,"Is it worth buying a Samsung Galaxy Gear S? If yes, why?",Question,0,,
buy used smartwatch,samsung galaxy,246000,66.0,High,Is Galaxy watch 4 worth buying at Rs. 9999 in 2022?,Question,0,,
buy used smartwatch,samsung galaxy,246000,66.0,High,How long do Samsung Galaxy smartwatches last?,Question,0,,
buy used smartwatch,samsung galaxy,246000,66.0,High,Can you use a Samsung watch without a Samsung phone?,Question,0,,
buy used smartwatch,samsung galaxy,246000,66.0,High,Apple Watch Series or Samsung Galaxy Watch Active?,Question,0,,
buy used smartwatch,samsung galaxy,246000,66.0,High,Do you prefer to use an Apple watch or a Samsung watch?,Question,0,,
buy used smartwatch,samsung galaxy,246000,66.0,High,Which one is the best smartwatch?,Question,0,,
buy used smartwatch,samsung galaxy,246000,66.0,High,Can Samsung Smart watch LTE version can use Bluetooth?,Question,0,,
buy used smartwatch,samsung galaxy,246000,66.0,High,Which smart watch is the best in price?,Question,0,,
buy used smartwatch,samsung galaxy,246000,66.0,High,What is a decent smartwatch that can be used as a phone?,Question,0,,
buy used smartwatch,samsung galaxy,246000,66.0,High,What are the features of the Samsung Galaxy Watch 5?,Question,0,,
buy used smartwatch,samsung galaxy,246000,66.0,High,Is a smartwatch that costs more than $200 worth buying?,Question,0,,
buy used smartwatch,samsung galaxy,246000,66.0,High,Is Samsung Gear better than the Apple Watch?,Question,0,,
buy used smartwatch,samsung galaxy,246000,66.0,High,How many years do smartwatches usually last?,Question,0,,
buy used smartwatch,samsung galaxy,246000,66.0,High,What is new with the Samsung Galaxy Watch 5?,Question,0,,
buy used smartwatch,samsung galaxy,246000,66.0,High,Can smartwatches be used in the sauna?,Question,0,,
buy used smartwatch,samsung galaxy,246000,66.0,High,Does Samsung make good smartwatches?,Question,0,,
buy used smartwatch,samsung galaxy,246000,66.0,High,Can I leave my phone at home with a Galaxy watch?,Question,0,,
buy used smartwatch,samsung galaxy,246000,66.0,High,What is the best selling smart watch in 2021?,Question,0,,
buy used smartwatch,samsung galaxy,246000,66.0,High,What can Tizen OS do on a Samsung Galaxy Watch?,Question,0,,
buy used smartwatch,samsung galaxy,246000,66.0,High,Can any Samsung Galaxy be used with Straight Talk?,Question,0,,
buy used smartwatch,samsung galaxy,246000,66.0,High,Can the Samsung Galaxy S10 connect to an Apple Watch?,Question,0,,
buy used smartwatch,samsung galaxy,246000,66.0,High,Is an Apple Watch worth it? Should I buy used?,Question,0,,
buy used smartwatch,samsung galaxy,246000,66.0,High,Why does a smartwatch need a sim card?,Question,0,,
buy used smartwatch,samsung galaxy,246000,66.0,High,Can you wear the Galaxy Smartwatch on right wrist?,Question,0,,
buy used smartwatch,samsung galaxy,246000,66.0,High,Do these smartwatches require a smartphone to function?,Question,0,,
buy used smartwatch,samsung galaxy,246000,66.0,High,Is 'OK Google' available in Samsung Gear S3?,Question,0,,
buy used smartwatch,samsung galaxy,246000,66.0,High,Which chip or hardware is used in a smart watch?,Question,0,,
buy used smartwatch,samsung galaxy,246000,66.0,High,Is it worth it buying a gear S3 if you have an iPhone?,Question,0,,
buy used smartwatch,samsung galaxy,246000,66.0,High,Do smartwatches need internet?,Question,0,,
buy used smartwatch,samsung galaxy,246000,66.0,High,How to unlock a Samsung Gear S2 watch?,Question,0,,
buy used smartwatch,galaxy watch,49500,80.0,High,Sell Samsung Watch,Headline,8,https://www.sellcell.com/sell/samsung-watch/,
buy used smartwatch,galaxy watch,49500,80.0,High,samsung smartwatch refurbished,Headline,1,https://www.bestbuy.com/site/searchpage.jsp?id=pcat17071&st=samsung+smartwatch+refurbished,
buy used smartwatch,galaxy watch,49500,80.0,High,Samsung Galaxy Watch Smartwatches for Sale,Headline,0,https://www.ebay.com/b/Samsung-Galaxy-Watch-Smartwatches/178893/bn_117606006,
buy used smartwatch,galaxy watch,49500,80.0,High,Used & Refurbished Samsung Watches,Headline,0,https://www.backmarket.com/en-us/l/samsung-watch/53e36d28-75a4-421b-b70e-c13667d7c741,
buy used smartwatch,galaxy watch,49500,80.0,High,Certified Refurbished Samsung Watches,Headline,0,https://reebelo.com/collections/samsung-watches,
buy used smartwatch,galaxy watch,49500,80.0,High,Samsung Galaxy Watch Refurbished,Headline,0,https://www.walmart.com/c/kp/samsung-galaxy-watch-refurbished,
buy used smartwatch,galaxy watch,49500,80.0,High,Buy Smartwatch,Headline,0,https://buy.smartphonesplus.com/collections/buy-smartwatch,
buy used smartwatch,galaxy watch,49500,80.0,High,Samsung Watches,Headline,0,https://swappa.com/buy/smartwatch/samsung,
buy used smartwatch,galaxy watch,49500,80.0,High,Is the Watch 4 worth getting second hand? : r/GalaxyWatch,Headline,0,https://www.reddit.com/r/GalaxyWatch/comments/w0dsc0/is_the_watch_4_worth_getting_second_hand/,
buy used smartwatch,galaxy watch,49500,80.0,High,Customer reviews for All refurbished Samsung watches,Headline,0,https://www.backmarket.com/en-us/r/l/samsung-watch/53e36d28-75a4-421b-b70e-c13667d7c741,
buy used smartwatch,galaxy watch,49500,80.0,High,Is it worth getting a Samsung Galaxy watch?,Question,0,,
buy used smartwatch,galaxy watch,49500,80.0,High,Should I buy a Samsung Galaxy smartwatch?,Question,0,,
buy used smartwatch,galaxy watch,49500,80.0,High,Do pawnshops buy smartwatches?,Question,0,,
buy used smartwatch,galaxy watch,49500,80.0,High,Are Samsung Galaxy watches unlocked?,Question,0,,
buy used smartwatch,galaxy watch,49500,80.0,High,Which watch should I buy a smart watch or a normal watch?,Question,0,,
buy used smartwatch,galaxy watch,49500,80.0,High,Do you prefer to use an Apple watch or a Samsung watch?,Question,0,,
buy used smartwatch,galaxy watch,49500,80.0,High,Do you think smart watches are a waste of money?,Question,0,,
buy used smartwatch,galaxy watch,49500,80.0,High,Apple Watch Series or Samsung Galaxy Watch Active?,Question,0,,
buy used smartwatch,galaxy watch,49500,80.0,High,"Is it worth buying a Samsung Galaxy Gear S? If yes, why?",Question,0,,
buy used smartwatch,galaxy watch,49500,80.0,High,How long do Samsung Galaxy smartwatches last?,Question,0,,
buy used smartwatch,galaxy watch,49500,80.0,High,Does Samsung make good smartwatches?,Question,0,,
buy used smartwatch,galaxy watch,49500,80.0,High,How to pair a Galaxy smartwatch with my phone?,Question,0,,
buy used smartwatch,galaxy watch,49500,80.0,High,"Which is best for you, an Apple or a Samsung smartwatch?",Question,0,,
buy used smartwatch,galaxy watch,49500,80.0,High,Is a smartwatch that costs more than $200 worth buying?,Question,0,,
buy used smartwatch,galaxy watch,49500,80.0,High,Can Samsung Smart watch LTE version can use Bluetooth?,Question,0,,
buy used smartwatch,galaxy watch,49500,80.0,High,Which smart watch is the best in price?,Question,0,,
buy used smartwatch,galaxy watch,49500,80.0,High,What is the best smart watch? - Android Apps + Devices?,Question,0,,
buy used smartwatch,galaxy watch,49500,80.0,High,What is a decent smartwatch that can be used as a phone?,Question,0,,
buy used smartwatch,galaxy watch,49500,80.0,High,Which one is the best smartwatch?,Question,0,,
buy used smartwatch,galaxy watch,49500,80.0,High,What are the features of the Samsung Galaxy Watch 5?,Question,0,,
buy used smartwatch,galaxy watch,49500,80.0,High,Why must you buy a smartwatch in 2023?,Question,0,,
buy used smartwatch,galaxy watch,49500,80.0,High,What can Tizen OS do on a Samsung Galaxy Watch?,Question,0,,
buy used smartwatch,galaxy watch,49500,80.0,High,Can I shower with my Samsung Galaxy Watch 4?,Question,0,,
buy used smartwatch,galaxy watch,49500,80.0,High,Which chip or hardware is used in a smart watch?,Question,0,,
buy used smartwatch,galaxy watch,49500,80.0,High,Is Samsung Gear better than the Apple Watch?,Question,0,,
buy used smartwatch,galaxy watch,49500,80.0,High,Can smartwatches be used in the sauna?,Question,0,,
buy used smartwatch,galaxy watch,49500,80.0,High,Can I leave my phone at home with a Galaxy watch?,Question,0,,
buy used smartwatch,galaxy watch,49500,80.0,High,Why should you not buy a smartwatch?,Question,0,,
buy used smartwatch,galaxy watch,49500,80.0,High,Is it safe to buy a China smartwatch?,Question,0,,
buy used smartwatch,galaxy watch,49500,80.0,High,What is the best selling smart watch in 2021?,Question,0,,
buy used smartwatch,galaxy watch,49500,80.0,High,Should I choose a smart watch or a traditional watch?,Question,0,,
buy used smartwatch,galaxy watch,49500,80.0,High,How to know if my Pixel smartwatch is not refurbished?,Question,0,,
buy used smartwatch,galaxy watch,49500,80.0,High,Do smartwatches need internet?,Question,0,,
buy used smartwatch,galaxy watch,49500,80.0,High,Do these smartwatches require a smartphone to function?,Question,0,,
buy used smartwatch,heart rate,49500,100.0,Medium,Heart Rate Monitors: How They Work and Accuracy,Headline,702,https://my.clevelandclinic.org/health/diagnostics/23429-heart-rate-monitor,
buy used smartwatch,heart rate,49500,100.0,Medium,Which Apple Watch Should You Buy?,Headline,147,https://www.consumerreports.org/electronics-computers/smartwatch/which-apple-watch-should-you-buy-a9220832630/,
buy used smartwatch,heart rate,49500,100.0,Medium,Monitor your heart rate with Apple Watch,Headline,71,https://support.apple.com/en-us/120277,
buy used smartwatch,heart rate,49500,100.0,Medium,Watch your heart beat: Is your fitness band lying to you?,Headline,57,https://www.reliancedigital.in/solutionbox/watch-your-heart-beat-is-your-fitness-band-lying-to-you/,
buy used smartwatch,heart rate,49500,100.0,Medium,Used & Refurbished Watches,Headline,6,https://www.backmarket.com/en-us/l/watches/4ee50ebd-1eb4-4436-a797-80828ce28cc5,
buy used smartwatch,heart rate,49500,100.0,Medium,Used,Headline,3,https://www.amazon.com/Smartwatches-Used-Wearable-Technology/s?rh=n%3A7939901011%2Cp_n_condition-type%3A2224373011,
buy used smartwatch,heart rate,49500,100.0,Medium,What smartwatch is best for heart rate monitoring?,Headline,1,https://www.reddit.com/r/smartwatch/comments/1dxmhvy/what_smartwatch_is_best_for_heart_rate_monitoring/,
buy used smartwatch,heart rate,49500,100.0,Medium,Heart Rate Monitor Smart Watches for sale,Headline,0,https://www.ebay.com/b/Heart-Rate-Monitor-Smart-Watches/178893/bn_60793546,
buy used smartwatch,heart rate,49500,100.0,Medium,Refurbished & Used Smartwatches,Headline,0,https://www.cartlow.com/uae/en/q/smartwatches,
buy used smartwatch,heart rate,49500,100.0,Medium,Heart Rate Monitor Watches,Headline,0,https://www.alibaba.com/showroom/heart-rate-monitor-watch.html,
buy used smartwatch,heart rate,49500,100.0,Medium,Is it worth buying an Apple watch from a secondhand?,Question,0,,
buy used smartwatch,heart rate,49500,100.0,Medium,Do any smartwatches have a built-in heart rate monitor?,Question,0,,
buy used smartwatch,heart rate,49500,100.0,Medium,Is it worth buying a fitness tracker with heart rate monitor?,Question,0,,
buy used smartwatch,heart rate,49500,100.0,Medium,Is a smartwatch that costs more than $200 worth buying?,Question,0,,
buy used smartwatch,heart rate,49500,100.0,Medium,Are smartwatch sensors dangerous?,Question,0,,
buy used smartwatch,heart rate,49500,100.0,Medium,Are smartwatches worth buying?,Question,0,,
buy used smartwatch,heart rate,49500,100.0,Medium,Can smartwatches cause heart palpitations?,Question,0,,
buy used smartwatch,heart rate,49500,100.0,Medium,Is an Apple Watch worth it? Should I buy used?,Question,0,,
buy used smartwatch,heart rate,49500,100.0,Medium,Which watch should I buy a smart watch or a normal watch?,Question,0,,
buy used smartwatch,heart rate,49500,100.0,Medium,Do you think smart watches are a waste of money?,Question,0,,
buy used smartwatch,heart rate,49500,100.0,Medium,Do all watches have a heart rate monitor?,Question,0,,
buy used smartwatch,heart rate,49500,100.0,Medium,How can a smartwatch tell your BPM (pulse)?,Question,0,,
buy used smartwatch,heart rate,49500,100.0,Medium,Is the green laser in smartwatches harmful for cells?,Question,0,,
buy used smartwatch,heart rate,49500,100.0,Medium,How does a blood pressure sensor on smartwatches work?,Question,0,,
buy used smartwatch,heart rate,49500,100.0,Medium,What are the health benefits of using a smartwatch?,Question,0,,
buy used smartwatch,heart rate,49500,100.0,Medium,What are the pros and cons of an Apple Watch?,Question,0,,
buy used smartwatch,heart rate,49500,100.0,Medium,Is it worth buying a refurbished Apple Watch?,Question,0,,
buy used smartwatch,heart rate,49500,100.0,Medium,Should I choose a smart watch or a traditional watch?,Question,0,,
buy used smartwatch,heart rate,49500,100.0,Medium,My stress level is 27 on my smartwatch. Is it fine?,Question,0,,
buy used smartwatch,heart rate,49500,100.0,Medium,Is the Apple Watch Series 4 worth buying?,Question,0,,
buy used smartwatch,heart rate,49500,100.0,Medium,Is it safe to wear a smartwatch all the time?,Question,0,,
buy used smartwatch,heart rate,49500,100.0,Medium,Does a cheap smart watch work better?,Question,0,,
buy used smartwatch,heart rate,49500,100.0,Medium,Is Boat's Storm smartwatch worth buying?,Question,0,,
buy used smartwatch,heart rate,49500,100.0,Medium,Why must you buy a smartwatch in 2023?,Question,0,,
buy used smartwatch,heart rate,49500,100.0,Medium,Why should you not buy a smartwatch?,Question,0,,
buy used smartwatch,heart rate,49500,100.0,Medium,Is Apple Watch a gimmick?,Question,0,,
buy used smartwatch,heart rate,49500,100.0,Medium,Do I need a smartwatch?,Question,0,,
buy used smartwatch,heart rate,49500,100.0,Medium,Are super-cheap smartwatches any good?,Question,0,,
buy used smartwatch,heart rate,49500,100.0,Medium,Why do you need a smart watch?,Question,0,,
buy used smartwatch,heart rate,49500,100.0,Medium,What are the key benefits of using a smartwatch?,Question,0,,
buy used smartwatch,heart rate,49500,100.0,Medium,Do smartwatches need internet?,Question,0,,
buy used smartwatch,heart rate,49500,100.0,Medium,Should I get a smartwatch or a fitness tracker?,Question,0,,
buy used smartwatch,heart rate,49500,100.0,Medium,What is the best smart watch for hiking and workout tracking?,Question,0,,
buy used smartwatch,heart rate,49500,100.0,Medium,Is it dangerous to wear a smart watch?,Question,0,,
buy used smartwatch,heart rate,49500,100.0,Medium,What is your review of the Fire Boltt Beast smartwatch?,Question,0,,
buy used smartwatch,heart rate,49500,100.0,Medium,Do these smartwatches require a smartphone to function?,Question,0,,
buy used smartwatch,apple watch series,18100,100.0,Medium,Refurbished Apple Watch Deals,Headline,761,https://www.apple.com/shop/refurbished/watch,
buy used smartwatch,apple watch series,18100,100.0,Medium,Certified Pre-Owned Smartwatches,Headline,278,https://www.verizon.com/connected-smartwatches/certified-pre-owned/,
buy used smartwatch,apple watch series,18100,100.0,Medium,Used & Refurbished Apple Watches,Headline,121,https://www.backmarket.com/en-us/l/apple-watch/38fd0158-d500-43d2-817c-738859e3e7dd,
buy used smartwatch,apple watch series,18100,100.0,Medium,Apple Watch for Sale,Headline,47,https://www.ebay.com/b/Apple-Watches/178893/bn_152159,
buy used smartwatch,apple watch series,18100,100.0,Medium,Refurbished Apple Watch in Apple Watch(94),Headline,3,https://www.walmart.com/browse/electronics/refurbished-apple-watch/3944_1229722_1890925_6325382,
buy used smartwatch,apple watch series,18100,100.0,Medium,"""apple watch refurbished"" (151)",Headline,2,https://www.bestbuy.com/site/searchpage.jsp?id=pcat17071&st=apple+watch+refurbished,
buy used smartwatch,apple watch series,18100,100.0,Medium,"Buy Refurbished, Second Hand & Used Apple Watch",Headline,1,https://www.sahivalue.com/categories/apple-smartwatch/293890000000138049,
buy used smartwatch,apple watch series,18100,100.0,Medium,Buy Used & Refurbished Apple Watches,Headline,0,https://www.plug.tech/collections/apple-watches,
buy used smartwatch,apple watch series,18100,100.0,Medium,Certified Refurbished Apple Watches,Headline,0,https://reebelo.com/collections/apple-watches,
buy used smartwatch,apple watch series,18100,100.0,Medium,Buy Smartwatch,Headline,0,https://buy.smartphonesplus.com/collections/buy-smartwatch,
buy used smartwatch,apple watch series,18100,100.0,Medium,Is it worth buying an Apple watch from a secondhand?,Question,0,,
buy used smartwatch,apple watch series,18100,100.0,Medium,Is an Apple Watch worth it? Should I buy used?,Question,0,,
buy used smartwatch,apple watch series,18100,100.0,Medium,Why are used Apple Watches so cheap?,Question,0,,
buy used smartwatch,apple watch series,18100,100.0,Medium,Is it safe to buy a refurbished Apple Watch?,Question,0,,
buy used smartwatch,apple watch series,18100,100.0,Medium,Does the Apple Watch have a secondhand clock?,Question,0,,
buy used smartwatch,apple watch series,18100,100.0,Medium,Is the Apple Watch worth buying for $200 or more?,Question,0,,
buy used smartwatch,apple watch series,18100,100.0,Medium,What is the most best Apple Watch?,Question,0,,
buy used smartwatch,apple watch series,18100,100.0,Medium,Is the Apple Watch Series 4 worth buying?,Question,0,,
buy used smartwatch,apple watch series,18100,100.0,Medium,What are the pros and cons of an Apple Watch?,Question,0,,
buy used smartwatch,apple watch series,18100,100.0,Medium,Should you buy an Apple Watch 8 or SE?,Question,0,,
buy used smartwatch,apple watch series,18100,100.0,Medium,Should I buy an Apple Watch 6 or wait for 7?,Question,0,,
buy used smartwatch,apple watch series,18100,100.0,Medium,Can Apple Watch 4 be set up and used without an iPhone?,Question,0,,
buy used smartwatch,apple watch series,18100,100.0,Medium,Will you ever buy a product like the Apple Watch?,Question,0,,
buy used smartwatch,apple watch series,18100,100.0,Medium,Should I buy an Apple Watch or a normal watch?,Question,0,,
buy used smartwatch,apple watch series,18100,100.0,Medium,How well is the Apple Watch selling?,Question,0,,
buy used smartwatch,apple watch series,18100,100.0,Medium,What sets the Apple Watch apart from other smart watches?,Question,0,,
buy used smartwatch,apple watch series,18100,100.0,Medium,Is it good to buy an Apple watch from Japan?,Question,0,,
buy used smartwatch,apple watch series,18100,100.0,Medium,Is a smartwatch that costs more than $200 worth buying?,Question,0,,
buy used smartwatch,apple watch series,18100,100.0,Medium,Is it worth opting for a last-gen Apple Watch to save money?,Question,0,,
buy used smartwatch,apple watch series,18100,100.0,Medium,"Which is best for you, an Apple or a Samsung smartwatch?",Question,0,,
buy used smartwatch,apple watch series,18100,100.0,Medium,Should I buy an Apple Watch in 2021?,Question,0,,
buy used smartwatch,apple watch series,18100,100.0,Medium,Which Apple watch series will come in the new 45mm size?,Question,0,,
buy used smartwatch,apple watch series,18100,100.0,Medium,Are smartwatches worth buying?,Question,0,,
buy used smartwatch,apple watch series,18100,100.0,Medium,What do you think about smartwatches from Apple?,Question,0,,
buy used smartwatch,apple watch series,18100,100.0,Medium,Is Samsung Gear better than the Apple Watch?,Question,0,,
buy used smartwatch,apple watch series,18100,100.0,Medium,Is the Apple Watch SE better than Apple Watch Series 3?,Question,0,,
buy used smartwatch,apple watch series,18100,100.0,Medium,Is the Apple Watch Series 3 worth buying in India?,Question,0,,
buy used smartwatch,apple watch series,18100,100.0,Medium,Is Apple Watch a gimmick?,Question,0,,
buy used smartwatch,apple watch series,18100,100.0,Medium,What are your criticisms of the Apple Watch?,Question,0,,
buy used smartwatch,apple watch series,18100,100.0,Medium,Do you have a smart watch? What do you use it for?,Question,0,,
buy used smartwatch,apple watch series,18100,100.0,Medium,Can the Google Pixel 4 be connected to Apple Watch?,Question,0,,
buy used smartwatch,apple watch series,18100,100.0,Medium,Should I buy an Apple watch or a Daniel Wellington watch?,Question,0,,
buy used smartwatch,apple watch series,18100,100.0,Medium,Would you buy a smart watch if it helps you live healthier?,Question,0,,
buy used smartwatch,apple watch series,18100,100.0,Medium,Is it safe to buy a China smartwatch?,Question,0,,
buy used smartwatch,apple watch series,18100,100.0,Medium,"Which Apple Watch sells better, the 38mm or the 42mm?",Question,0,,
buy used smartwatch,certified refurbished,590,82.0,Medium,Refurbished Apple Watch Deals,Headline,761,https://www.apple.com/shop/refurbished/watch,
buy used smartwatch,certified refurbished,590,82.0,Medium,Shop New & used Smart Watches for sale,Headline,455,https://www.ebay.com/b/Smart-Watches/178893/bn_152365,
buy used smartwatch,certified refurbished,590,82.0,Medium,Certified Pre-Owned Smartwatches,Headline,278,https://www.verizon.com/connected-smartwatches/certified-pre-owned/,
buy used smartwatch,certified refurbished,590,82.0,Medium,Buy Refurbished Apple Smart Watches for Sale,Headline,42,https://cellularprofessor.com/smart-watches/,
buy used smartwatch,certified refurbished,590,82.0,Medium,Used & Refurbished Watches,Headline,6,https://www.backmarket.com/en-us/l/watches/4ee50ebd-1eb4-4436-a797-80828ce28cc5,
buy used smartwatch,certified refurbished,590,82.0,Medium,Certified Refurbished Smartwatches,Headline,3,https://reebelo.com/collections/smartwatches,
buy used smartwatch,certified refurbished,590,82.0,Medium,Refurbished Apple Watch in Apple Watch(94),Headline,3,https://www.walmart.com/browse/electronics/refurbished-apple-watch/3944_1229722_1890925_6325382,
buy used smartwatch,certified refurbished,590,82.0,Medium,Refurbished Smartwatches,Headline,0,https://www.bestbuy.com/site/searchpage.jsp?_dyncharset=UTF-8&browsedCategory=pcmcat321000050004&id=pcat17071&iht=n&ks=960&list=y&qp=condition_facet%3DCondition~Refurbished&sc=Global&st=categoryid%24pcmcat321000050004&type=page&usc=All%20Categories,
buy used smartwatch,certified refurbished,590,82.0,Medium,Refurbished Smart Watches,Headline,0,https://www.amazon.com/refurbished-smart-watches/s?k=refurbished+smart+watches,
buy used smartwatch,certified refurbished,590,82.0,Medium,Smartwatches : Target Certified Refurbished,Headline,0,https://www.target.com/c/target-certified-refurbished/smartwatches/-/N-ow8ckZy3c74,
buy used smartwatch,certified refurbished,590,82.0,Medium,Is it safe to buy a refurbished Apple Watch?,Question,0,,
buy used smartwatch,certified refurbished,590,82.0,Medium,Is it safe to buy refurbished products on Amazon?,Question,0,,
buy used smartwatch,certified refurbished,590,82.0,Medium,How to know if my Pixel smartwatch is not refurbished?,Question,0,,
buy used smartwatch,certified refurbished,590,82.0,Medium,Will an Apple Watch refurbished by Apple be water resistant?,Question,0,,
buy used smartwatch,certified refurbished,590,82.0,Medium,Why should I buy pre-owned watches?,Question,0,,
buy used smartwatch,certified refurbished,590,82.0,Medium,What are the benefits of buying new or used watches?,Question,0,,
buy used smartwatch,certified refurbished,590,82.0,Medium,How to tell if a refurbished product is new or used?,Question,0,,
buy used smartwatch,certified refurbished,590,82.0,Medium,Does Amazon offer warranty on used watches?,Question,0,,
buy used smartwatch,certified refurbished,590,82.0,Medium,Is an Apple Watch worth it? Should I buy used?,Question,0,,
buy used smartwatch,certified refurbished,590,82.0,Medium,On Amazon is “Used like new” worth buying?,Question,0,,
buy used smartwatch,certified refurbished,590,82.0,Medium,Can I trust and buy open box electronic devices in best Buy?,Question,0,,
buy used smartwatch,certified refurbished,590,82.0,Medium,Why are used Apple Watches so cheap?,Question,0,,
buy used smartwatch,certified refurbished,590,82.0,Medium,Should we buy 2nd hand watch as per astrology?,Question,0,,
buy used smartwatch,certified refurbished,590,82.0,Medium,Is it allowed to resell used watches on Amazon?,Question,0,,
buy used smartwatch,certified refurbished,590,82.0,Medium,Where can I buy used phones in bulk in the USA?,Question,0,,
buy used smartwatch,certified refurbished,590,82.0,Medium,Is it worth opting for a last-gen Apple Watch to save money?,Question,0,,
buy used smartwatch,certified refurbished,590,82.0,Medium,How to know a refurbished Samsung?,Question,0,,
buy used smartwatch,certified refurbished,590,82.0,Medium,Should you buy a Tag Heuer watch new or second hand?,Question,0,,
buy used smartwatch,certified refurbished,590,82.0,Medium,How reliable are open box products from Best Buy?,Question,0,,
buy used smartwatch,certified refurbished,590,82.0,Medium,How good is a refurbished amazon echo?,Question,0,,
buy used smartwatch,certified refurbished,590,82.0,Medium,How many years do smartwatches usually last?,Question,0,,
buy used smartwatch,certified refurbished,590,82.0,Medium,Does the Apple Watch have a secondhand clock?,Question,0,,
buy used smartwatch,certified refurbished,590,82.0,Medium,Is it worth getting a Samsung Galaxy watch?,Question,0,,
buy used smartwatch,certified refurbished,590,82.0,Medium,Where can I find refurbished Apple products in India?,Question,0,,
buy used smartwatch,certified refurbished,590,82.0,Medium,How to legally sell refurbished iPhones in the United States?,Question,0,,
buy used smartwatch,certified refurbished,590,82.0,Medium,Should I buy old iPhone from cashify or not?,Question,0,,
buy used smartwatch,certified refurbished,590,82.0,Medium,Should I buy a Samsung Galaxy smartwatch?,Question,0,,
buy used smartwatch,certified refurbished,590,82.0,Medium,What are the pros and cons of an Apple Watch?,Question,0,,
buy used smartwatch,certified refurbished,590,82.0,Medium,Is Boat's Storm smartwatch worth buying?,Question,0,,
buy used smartwatch,certified refurbished,590,82.0,Medium,How long do Samsung Galaxy smartwatches last?,Question,0,,
buy used smartwatch,certified refurbished,590,82.0,Medium,How to get a discount on an Apple Watch?,Question,0,,
buy used smartwatch,certified refurbished,590,82.0,Medium,What do you think about smartwatches from Apple?,Question,0,,
buy used smartwatch,certified refurbished,590,82.0,Medium,Where can I sell or buy a used electronic device?,Question,0,,
buy used smartwatch,certified refurbished,590,82.0,Medium,Which smart watch is the best in price?,Question,0,,
buy used smartwatch,certified refurbished,590,82.0,Medium,What is the best time to buy an Apple watch?,Question,0,,
buy used smartwatch,certified refurbished,590,82.0,Medium,Should I buy a Pebble watch in 2018?,Question,0,,
buy used smartwatch,certified refurbished,590,82.0,Medium,Is it worth it to buy the Walmart Care Protection Plan?,Question,0,,
buy used smartwatch,certified refurbished,590,82.0,Medium,Is it advisable to Buy apple watch this blackfriday?,Question,0,,
buy used smartwatch,certified refurbished,590,82.0,Medium,Where can I get a new Apple Watch?,Question,0,,
buy used smartwatch,certified refurbished,590,82.0,Medium,Which is the best smart watch on a budget?,Question,0,,
buy used smartwatch,certified refurbished,590,82.0,Medium,Where can I get first-hand cheap mobiles?,Question,0,,
buy used smartwatch,certified refurbished,590,82.0,Medium,What watch would you never buy again?,Question,0,,
buy used smartwatch,certified refurbished,590,82.0,Medium,Can I wear my Apple Watch to Fort Benning basic training?,Question,0,,
buy used smartwatch,certified refurbished,590,82.0,Medium,What should you look for when buying a quality watch?,Question,0,,
buy used smartwatch,refurbished smart watch samsung,30,14.0,High,Explore Samsung Watches,Headline,4930,https://www.samsung.com/us/watches/,
buy used smartwatch,refurbished smart watch samsung,30,14.0,High,Buy Refurbished Galaxy Phones,Headline,1629,https://www.samsung.com/us/smartphones/certified-re-newed-phones/,
buy used smartwatch,refurbished smart watch samsung,30,14.0,High,Buy Cheap Refurbished Samsung Smartwatches,Headline,9,https://www.musicmagpie.co.uk/store/category/wearables/samsung/,
buy used smartwatch,refurbished smart watch samsung,30,14.0,High,Refurbished Samsung Watch,Headline,0,https://www.amazon.com/refurbished-samsung-watch/s?k=refurbished+samsung+watch,
buy used smartwatch,refurbished smart watch samsung,30,14.0,High,Certified Refurbished Samsung Watches,Headline,0,https://reebelo.com/collections/samsung-watches,
buy used smartwatch,refurbished smart watch samsung,30,14.0,High,Samsung Galaxy Watch Refurbished,Headline,0,https://www.walmart.com/c/kp/samsung-galaxy-watch-refurbished,
buy used smartwatch,refurbished smart watch samsung,30,14.0,High,Samsung Galaxy Watch Smartwatches for Sale,Headline,0,https://www.ebay.com/b/Samsung-Galaxy-Watch-Smartwatches/178893/bn_117606006,
buy used smartwatch,refurbished smart watch samsung,30,14.0,High,"New, Refurbished Samsung Galaxy Smart Watches For Sale",Headline,0,https://cellmigo.com/collections/samsung-galaxy-watches,
buy used smartwatch,refurbished smart watch samsung,30,14.0,High,Refurbished Smartwatches,Headline,0,https://refurbished.boost.com.au/collections/smart-watch,
buy used smartwatch,refurbished smart watch samsung,30,14.0,High,Refurbished Smartwatches Deals,Headline,0,https://www.refurbed.ie/c/smartwatches/,
buy used smartwatch,refurbished smart watch samsung,30,14.0,High,Should I buy a Samsung Galaxy smartwatch?,Question,0,,
buy used smartwatch,refurbished smart watch samsung,30,14.0,High,How to know if my Pixel smartwatch is not refurbished?,Question,0,,
buy used smartwatch,refurbished smart watch samsung,30,14.0,High,Is it worth buying an Apple watch from a secondhand?,Question,0,,
buy used smartwatch,refurbished smart watch samsung,30,14.0,High,Which smart watch is the best in price?,Question,0,,
buy used smartwatch,refurbished smart watch samsung,30,14.0,High,How long do Samsung Galaxy smartwatches last?,Question,0,,
buy used smartwatch,refurbished smart watch samsung,30,14.0,High,How many years do smartwatches usually last?,Question,0,,
buy used smartwatch,refurbished smart watch samsung,30,14.0,High,What is the best reasonably priced smartwatch?,Question,0,,
buy used smartwatch,refurbished smart watch samsung,30,14.0,High,Does Samsung make good smartwatches?,Question,0,,
buy used smartwatch,refurbished smart watch samsung,30,14.0,High,What is a popular Samsung smartwatch model?,Question,0,,
buy used smartwatch,refurbished smart watch samsung,30,14.0,High,What are the best smart watch with average price?,Question,0,,
buy used smartwatch,refurbished smart watch samsung,30,14.0,High,What is the best value for money smart watch for Android?,Question,0,,
buy used smartwatch,refurbished smart watch samsung,30,14.0,High,Why are used Apple Watches so cheap?,Question,0,,
buy used smartwatch,refurbished smart watch samsung,30,14.0,High,Can you suggest me best smart watch in affordable price?,Question,0,,
buy used smartwatch,refurbished smart watch samsung,30,14.0,High,On Amazon is “Used like new” worth buying?,Question,0,,
buy used smartwatch,refurbished smart watch samsung,30,14.0,High,Will an Apple Watch refurbished by Apple be water resistant?,Question,0,,
buy used smartwatch,refurbished smart watch samsung,30,14.0,High,Are smart watches a profitable product to sell online?,Question,0,,
buy used smartwatch,refurbished smart watch samsung,30,14.0,High,What do you think about smartwatches from Apple?,Question,0,,
buy used smartwatch,refurbished smart watch samsung,30,14.0,High,Is it worth getting a Samsung Galaxy watch?,Question,0,,
buy used smartwatch,refurbished smart watch samsung,30,14.0,High,Is it too early to buy a smartwatch?,Question,0,,
buy used smartwatch,refurbished smart watch samsung,30,14.0,High,Which one is the best Samsung smartwatch?,Question,0,,
buy used smartwatch,refurbished smart watch samsung,30,14.0,High,How to know a refurbished Samsung?,Question,0,,
buy used smartwatch,refurbished smart watch samsung,30,14.0,High,Is Boat's Storm smartwatch worth buying?,Question,0,,
buy used smartwatch,refurbished smart watch samsung,30,14.0,High,Which smartwatch supports the Step Set Go app?,Question,0,,
buy used smartwatch,refurbished smart watch samsung,30,14.0,High,Is it still worth to get the original Pebble watch?,Question,0,,
buy used smartwatch,refurbished smart watch samsung,30,14.0,High,Is pebble smartwatch worth a buy?,Question,0,,
buy used smartwatch,refurbished smart watch samsung,30,14.0,High,What is your review of the Fire Boltt Beast smartwatch?,Question,0,,
buy used smartwatch,refurbished smart watch samsung,30,14.0,High,Should I buy a Pebble watch in 2018?,Question,0,,
buy used smartwatch,refurbished smart watch samsung,30,14.0,High,Which is the best smart watch on a budget?,Question,0,,
buy used smartwatch,refurbished smart watch samsung,30,14.0,High,What cheap smart watch is good for people that always faint?,Question,0,,
buy used smartwatch,refurbished smart watch samsung,30,14.0,High,Can I trust and buy open box electronic devices in best Buy?,Question,0,,
buy used smartwatch,refurbished smart watch samsung,30,14.0,High,What are the pros and cons of an Apple Watch?,Question,0,,
buy used smartwatch,refurbished smart watch samsung,30,14.0,High,What is the best smartwatch under $50?,Question,0,,
buy used smartwatch,refurbished smart watch samsung,30,14.0,High,How long do smart watches last per charge?,Question,0,,
buy used smartwatch,refurbished smart watch samsung,30,14.0,High,Are smart watches killing the luxury watch market?,Question,0,,
buy used smartwatch,refurbished smart watch samsung,30,14.0,High,Which is a cheap and best smart watch in 2019?,Question,0,,
buy used smartwatch,refurbished smart watch samsung,30,14.0,High,What is the best unisex smart watch?,Question,0,,
buy used smartwatch,refurbished smart watch samsung,30,14.0,High,What is the best smart watch for hiking and workout tracking?,Question,0,,
buy used smartwatch,refurbished smart watch samsung,30,14.0,High,Is the Samsung Active 2 a smartwatch or fitness wearable?,Question,0,,
buy used smartwatch,refurbished smart watch samsung,30,14.0,High,Why should you buy used phones?,Question,0,,
buy used smartwatch,refurbished smart watch samsung,30,14.0,High,Which is the best smartwatch with AMOLED and GPS?,Question,0,,
buy used smartwatch,refurbished smart watch samsung,30,14.0,High,How to purchase an iPhone if I don't have money?,Question,0,,
buy used smartwatch,refurbished smart watch samsung,30,14.0,High,What is the best cheap smartwatches?,Question,0,,
buy used smartwatch,refurbished smart watch samsung,30,14.0,High,What are the advantages/disadvantages of smart watches?,Question,0,,
buy used smartwatch,refurbished smart watch samsung,30,14.0,High,Where can I buy used phones in bulk in the USA?,Question,0,,
buy used smartwatch,refurbished smart watch samsung,30,14.0,High,How to use my Kalinco P22 smart watch?,Question,0,,
buy used smartwatch,refurbished smart watch samsung,30,14.0,High,Which is the best smart watch that I can buy under $200?,Question,0,,
buy used smartwatch,refurbished smart watch samsung,30,14.0,High,Is it worth to buy pebble watch to be used in India?,Question,0,,
buy used smartwatch,refurbished smart watch samsung,30,14.0,High,What's the best cheap smart watch $30 or less?,Question,0,,
buy used smartwatch,refurbished smart watch samsung,30,14.0,High,"Which is better, Crossbeats Pebble or Evolve?",Question,0,,
buy used smartwatch,are refurbished smartwatches good,20,0.0,High,Should you buy a refurbished Apple Watch?,Headline,3948,https://www.techradar.com/health-fitness/smartwatches/should-you-buy-a-refurbished-apple-watch,
buy used smartwatch,are refurbished smartwatches good,20,0.0,High,10 Things to Know Before You Buy Refurbished Electronics,Headline,1249,https://www.pcmag.com/how-to/10-things-to-know-before-you-buy-refurbished-electronics,
buy used smartwatch,are refurbished smartwatches good,20,0.0,High,Buy Refurbished Apple Smart Watches for Sale,Headline,42,https://cellularprofessor.com/smart-watches/,
buy used smartwatch,are refurbished smartwatches good,20,0.0,High,Certified Refurbished Smartwatches,Headline,3,https://reebelo.com/collections/smartwatches,
buy used smartwatch,are refurbished smartwatches good,20,0.0,High,It is Safe To Buy A Used Smartwatch,Headline,0,https://ozmobiles.com.au/blogs/smartphones/is-it-safe-to-buy-a-used-smartwatch,
buy used smartwatch,are refurbished smartwatches good,20,0.0,High,Customer reviews for All refurbished Samsung watches,Headline,0,https://www.backmarket.com/en-us/r/l/samsung-watch/53e36d28-75a4-421b-b70e-c13667d7c741,
buy used smartwatch,are refurbished smartwatches good,20,0.0,High,Is a Used or Refurbished Smartwatch Warranty Worth It?,Headline,0,https://www.upsie.com/smartwatch-warranty/warranty-used-or-refurbished-smartwatch,
buy used smartwatch,are refurbished smartwatches good,20,0.0,High,Refurbished Smartwatches,Headline,0,https://www.bestbuy.com/site/searchpage.jsp?_dyncharset=UTF-8&browsedCategory=pcmcat321000050004&id=pcat17071&iht=n&ks=960&list=y&qp=condition_facet%3DCondition~Refurbished&sc=Global&st=categoryid%24pcmcat321000050004&type=page&usc=All%20Categories,
buy used smartwatch,are refurbished smartwatches good,20,0.0,High,Refurbished Smartwatches Deals,Headline,0,https://www.refurbed.es/c/smartwatches/,
buy used smartwatch,are refurbished smartwatches good,20,0.0,High,Refurbished Smart Watches,Headline,0,https://www.amazon.com/refurbished-smart-watches/s?k=refurbished+smart+watches,
buy used smartwatch,are refurbished smartwatches good,20,0.0,High,Is it worth buying an Apple watch from a secondhand?,Question,0,,
buy used smartwatch,are refurbished smartwatches good,20,0.0,High,Is it safe to buy a refurbished Apple Watch?,Question,0,,
buy used smartwatch,are refurbished smartwatches good,20,0.0,High,Is buying a Geek Squad Certified Apple Watch a good idea?,Question,0,,
buy used smartwatch,are refurbished smartwatches good,20,0.0,High,What are the benefits of buying new or used watches?,Question,0,,
buy used smartwatch,are refurbished smartwatches good,20,0.0,High,Is an Apple Watch worth it? Should I buy used?,Question,0,,
buy used smartwatch,are refurbished smartwatches good,20,0.0,High,How to know if my Pixel smartwatch is not refurbished?,Question,0,,
buy used smartwatch,are refurbished smartwatches good,20,0.0,High,Is it safe to buy refurbished products on Amazon?,Question,0,,
buy used smartwatch,are refurbished smartwatches good,20,0.0,High,Why are used Apple Watches so cheap?,Question,0,,
buy used smartwatch,are refurbished smartwatches good,20,0.0,High,Why should I buy pre-owned watches?,Question,0,,
buy used smartwatch,are refurbished smartwatches good,20,0.0,High,Will an Apple Watch refurbished by Apple be water resistant?,Question,0,,
buy used smartwatch,are refurbished smartwatches good,20,0.0,High,How many years do smartwatches usually last?,Question,0,,
buy used smartwatch,are refurbished smartwatches good,20,0.0,High,Does Amazon offer warranty on used watches?,Question,0,,
buy used smartwatch,are refurbished smartwatches good,20,0.0,High,Which smart watch is the best in price?,Question,0,,
buy used smartwatch,are refurbished smartwatches good,20,0.0,High,Should I buy a Samsung Galaxy smartwatch?,Question,0,,
buy used smartwatch,are refurbished smartwatches good,20,0.0,High,How good is a refurbished amazon echo?,Question,0,,
buy used smartwatch,are refurbished smartwatches good,20,0.0,High,Is it worth opting for a last-gen Apple Watch to save money?,Question,0,,
buy used smartwatch,are refurbished smartwatches good,20,0.0,High,Should we buy 2nd hand watch as per astrology?,Question,0,,
buy used smartwatch,are refurbished smartwatches good,20,0.0,High,What do you think about smartwatches from Apple?,Question,0,,
buy used smartwatch,are refurbished smartwatches good,20,0.0,High,Does the Apple Watch have a secondhand clock?,Question,0,,
buy used smartwatch,are refurbished smartwatches good,20,0.0,High,Should you buy a Tag Heuer watch new or second hand?,Question,0,,
buy used smartwatch,are refurbished smartwatches good,20,0.0,High,Can you suggest me best smart watch in affordable price?,Question,0,,
buy used smartwatch,are refurbished smartwatches good,20,0.0,High,Are smart watches a profitable product to sell online?,Question,0,,
buy used smartwatch,are refurbished smartwatches good,20,0.0,High,Is Boat's Storm smartwatch worth buying?,Question,0,,
buy used smartwatch,are refurbished smartwatches good,20,0.0,High,Which is a cheap and best smart watch in 2019?,Question,0,,
buy used smartwatch,are refurbished smartwatches good,20,0.0,High,What are the best smart watch with average price?,Question,0,,
buy used smartwatch,are refurbished smartwatches good,20,0.0,High,Is it still worth to get the original Pebble watch?,Question,0,,
buy used smartwatch,are refurbished smartwatches good,20,0.0,High,Is it too early to buy a smartwatch?,Question,0,,
buy used smartwatch,are refurbished smartwatches good,20,0.0,High,What is your review of Amazfit smart watches?,Question,0,,
buy used smartwatch,are refurbished smartwatches good,20,0.0,High,How long do Samsung Galaxy smartwatches last?,Question,0,,
buy used smartwatch,are refurbished smartwatches good,20,0.0,High,What are the pros and cons of an Apple Watch?,Question,0,,
buy used smartwatch,are refurbished smartwatches good,20,0.0,High,What is your review of the Fire Boltt Beast smartwatch?,Question,0,,
buy used smartwatch,are refurbished smartwatches good,20,0.0,High,Which is the best smart watch on a budget?,Question,0,,
buy used smartwatch,are refurbished smartwatches good,20,0.0,High,Should I buy a Pebble watch in 2018?,Question,0,,
buy used smartwatch,are refurbished smartwatches good,20,0.0,High,What cheap smart watch is good for people that always faint?,Question,0,,
buy used smartwatch,are refurbished smartwatches good,20,0.0,High,What is the best unisex smart watch?,Question,0,,
buy used smartwatch,are refurbished smartwatches good,20,0.0,High,Are Firebolt watches good?,Question,0,,
buy used smartwatch,are refurbished smartwatches good,20,0.0,High,Should I buy old iPhone from cashify or not?,Question,0,,
buy used smartwatch,are refurbished smartwatches good,20,0.0,High,Where can I get a new Apple Watch?,Question,0,,
buy used smartwatch,are refurbished smartwatches good,20,0.0,High,What is the best smartwatch under $50?,Question,0,,
buy used smartwatch,are refurbished smartwatches good,20,0.0,High,Is boAt Xtend Smartwatch worth buying?,Question,0,,
buy used smartwatch,are refurbished smartwatches good,20,0.0,High,Does Samsung make good smartwatches?,Question,0,,
buy used smartwatch,are refurbished smartwatches good,20,0.0,High,What is the best smart watch for hiking and workout tracking?,Question,0,,
buy used smartwatch,are refurbished smartwatches good,20,0.0,High,Techplane's Space?,Question,0,,
buy used smartwatch,are refurbished smartwatches good,20,0.0,High,What is better luxury watch or smartwatch?,Question,0,,
buy used smartwatch,are refurbished smartwatches good,20,0.0,High,How to know a refurbished Samsung?,Question,0,,
buy used smartwatch,are refurbished smartwatches good,20,0.0,High,What is the best value for money smart watch for Android?,Question,0,,
buy used smartwatch,are refurbished smartwatches good,20,0.0,High,How long do smart watches last per charge?,Question,0,,
buy used smartwatch,are refurbished smartwatches good,20,0.0,High,What is a popular Samsung smartwatch model?,Question,0,,
buy used smartwatch,are refurbished smartwatches good,20,0.0,High,Can I wear my Apple Watch to Fort Benning basic training?,Question,0,,
buy used smartwatch,are refurbished smartwatches good,20,0.0,High,Is it allowed to resell used watches on Amazon?,Question,0,,
buy used smartwatch,are refurbished smartwatches good,20,0.0,High,Is the Garmin Instinct a good watch and will it last for years?,Question,0,,
buy used smartwatch,are refurbished smartwatches good,20,0.0,High,What is the best reasonably priced smartwatch?,Question,0,,
buy used smartwatch,can you buy a used apple watch,20,0.0,High,Should you buy a refurbished Apple Watch?,Headline,3948,https://www.techradar.com/health-fitness/smartwatches/should-you-buy-a-refurbished-apple-watch,
buy used smartwatch,can you buy a used apple watch,20,0.0,High,Refurbished Apple Watch Deals,Headline,761,https://www.apple.com/shop/refurbished/watch,
buy used smartwatch,can you buy a used apple watch,20,0.0,High,Used & Refurbished Apple Watches,Headline,121,https://www.backmarket.com/en-us/l/apple-watch/38fd0158-d500-43d2-817c-738859e3e7dd,
buy used smartwatch,can you buy a used apple watch,20,0.0,High,"before you sell, give away, or trade in your Apple Watch",Headline,43,https://support.apple.com/en-us/102542,
buy used smartwatch,can you buy a used apple watch,20,0.0,High,What to Look for When You Buy a Used Apple Watch,Headline,6,https://www.phonecheck.com/blog/buying-used-apple-watch,
buy used smartwatch,can you buy a used apple watch,20,0.0,High,Is it worth buying an Apple watch from a secondhand?,Headline,1,https://www.quora.com/Is-it-worth-buying-an-Apple-watch-from-a-secondhand,
buy used smartwatch,can you buy a used apple watch,20,0.0,High,How to Safely Buy a Used Apple Watch : r/AppleWatch,Headline,0,https://www.reddit.com/r/AppleWatch/comments/yn5gul/how_to_safely_buy_a_used_apple_watch/,
buy used smartwatch,can you buy a used apple watch,20,0.0,High,Buying a used watch,Headline,0,https://discussions.apple.com/thread/7937895,
buy used smartwatch,can you buy a used apple watch,20,0.0,High,buying second hand series 5 watch,Headline,0,https://discussions.apple.com/thread/251270129,
buy used smartwatch,can you buy a used apple watch,20,0.0,High,I bought a used Apple Watch and it's lock…,Headline,0,https://discussions.apple.com/thread/255144878,
buy used smartwatch,can you buy a used apple watch,20,0.0,High,Is it worth buying an Apple watch from a secondhand?,Question,0,,
buy used smartwatch,can you buy a used apple watch,20,0.0,High,Is it safe to buy a refurbished Apple Watch?,Question,0,,
buy used smartwatch,can you buy a used apple watch,20,0.0,High,Why are used Apple Watches so cheap?,Question,0,,
buy used smartwatch,can you buy a used apple watch,20,0.0,High,Is an Apple Watch worth it? Should I buy used?,Question,0,,
buy used smartwatch,can you buy a used apple watch,20,0.0,High,Does the Apple Watch have a secondhand clock?,Question,0,,
buy used smartwatch,can you buy a used apple watch,20,0.0,High,Smartwatch Buying Guide: Quick Tips - Gadgets?,Question,0,,
buy used smartwatch,can you buy a used apple watch,20,0.0,High,Should I buy Rolex or Apple Watch 3? - Smart Watch Share?,Question,0,,
buy used smartwatch,can you buy a used apple watch,20,0.0,High,Deals 24/7?,Question,0,,
buy used smartwatch,can you buy a used apple watch,20,0.0,High,Did you regret buying an Apple Watch?,Question,0,,
buy used smartwatch,can you buy a used apple watch,20,0.0,High,Where can I get a new Apple Watch?,Question,0,,
buy used smartwatch,can you buy a used apple watch,20,0.0,High,Will an Apple Watch refurbished by Apple be water resistant?,Question,0,,
buy used smartwatch,can you buy a used apple watch,20,0.0,High,Will you ever buy a product like the Apple Watch?,Question,0,,
buy used smartwatch,can you buy a used apple watch,20,0.0,High,Is it worth opting for a last-gen Apple Watch to save money?,Question,0,,
buy used smartwatch,can you buy a used apple watch,20,0.0,High,Shahnawaz Sumra?,Question,0,,
buy used smartwatch,can you buy a used apple watch,20,0.0,High,Will the Apple Watch you buy today still work in 5 years?,Question,0,,
buy used smartwatch,can you buy a used apple watch,20,0.0,High,My Layby Online Australia?,Question,0,,
buy used smartwatch,can you buy a used apple watch,20,0.0,High,What are the pros and cons of an Apple Watch?,Question,0,,
buy used smartwatch,can you buy a used apple watch,20,0.0,High,Should I buy an Apple Watch or a normal watch?,Question,0,,
buy used smartwatch,can you buy a used apple watch,20,0.0,High,Is it good to buy an Apple watch from Japan?,Question,0,,
buy used smartwatch,can you buy a used apple watch,20,0.0,High,What are the benefits of buying new or used watches?,Question,0,,
buy used smartwatch,can you buy a used apple watch,20,0.0,High,Is a smartwatch that costs more than $200 worth buying?,Question,0,,
buy used smartwatch,can you buy a used apple watch,20,0.0,High,What are your criticisms of the Apple Watch?,Question,0,,
buy used smartwatch,can you buy a used apple watch,20,0.0,High,Is Samsung Gear better than the Apple Watch?,Question,0,,
buy used smartwatch,can you buy a used apple watch,20,0.0,High,Would you rather have AirPods or an Apple Watch? Why?,Question,0,,
buy used smartwatch,can you buy a used apple watch,20,0.0,High,Should we buy 2nd hand watch as per astrology?,Question,0,,
buy used smartwatch,can you buy a used apple watch,20,0.0,High,Should I buy an Apple Watch 6 or wait for 7?,Question,0,,
buy used smartwatch,can you buy a used apple watch,20,0.0,High,Why should you not buy a smartwatch?,Question,0,,
buy used smartwatch,can you buy a used apple watch,20,0.0,High,Do you prefer to use an Apple watch or a Samsung watch?,Question,0,,
buy used smartwatch,can you buy a used apple watch,20,0.0,High,Should you buy an Apple Watch 8 or SE?,Question,0,,
buy used smartwatch,can you buy a used apple watch,20,0.0,High,How to buy an Apple Watch Series 3 for a low price?,Question,0,,
buy used smartwatch,can you buy a used apple watch,20,0.0,High,What do you think about smartwatches from Apple?,Question,0,,
buy used smartwatch,can you buy a used apple watch,20,0.0,High,Can Apple Watch 4 be set up and used without an iPhone?,Question,0,,
buy used smartwatch,can you buy a used apple watch,20,0.0,High,Is the Apple Watch Series 4 worth buying?,Question,0,,
buy used smartwatch,can you buy a used apple watch,20,0.0,High,Is it worth getting a Samsung Galaxy watch?,Question,0,,
buy used smartwatch,can you buy a used apple watch,20,0.0,High,How good Apple Watch for everyday use?,Question,0,,
buy used smartwatch,can you buy a used apple watch,20,0.0,High,Should I buy an Apple watch or a Daniel Wellington watch?,Question,0,,
buy used smartwatch,can you buy a used apple watch,20,0.0,High,Should I buy a Rolex of an Apple Watch 4?,Question,0,,
buy used smartwatch,can you buy a used apple watch,20,0.0,High,Why does a smartwatch need a sim card?,Question,0,,
buy used smartwatch,can you buy a used apple watch,20,0.0,High,Can I wear my Apple Watch to Fort Benning basic training?,Question,0,,
buy used smartwatch,can you buy a used apple watch,20,0.0,High,Are the smart watches worth the price?,Question,0,,
buy used smartwatch,can you buy a used apple watch,20,0.0,High,"What should I buy, an iPad (2018) or an Apple Watch?",Question,0,,
buy used smartwatch,can you buy a used apple watch,20,0.0,High,"Who has a smart watch, and what do you use it for?",Question,0,,
buy used smartwatch,can you buy a used apple watch,20,0.0,High,Should I get an Apple Watch in India? How useful is it?,Question,0,,
buy used smartwatch,can you buy a used apple watch,20,0.0,High,How to know if my Pixel smartwatch is not refurbished?,Question,0,,
buy used smartwatch,refurbished smart watch android,20,0.0,High,Used & Refurbished Watches,Headline,6,https://www.backmarket.com/en-us/l/watches/4ee50ebd-1eb4-4436-a797-80828ce28cc5,
buy used smartwatch,refurbished smart watch android,20,0.0,High,Certified Refurbished Smartwatches,Headline,3,https://reebelo.com/collections/smartwatches,
buy used smartwatch,refurbished smart watch android,20,0.0,High,"Refurbished, Renewed Smart Watches For Sale",Headline,3,https://cellmigo.com/collections/refurbished-smart-watches,
buy used smartwatch,refurbished smart watch android,20,0.0,High,Looking for Refurbished Smartwatch : r/AndroidWear,Headline,1,https://www.reddit.com/r/AndroidWear/comments/199fizm/looking_for_refurbished_smartwatch/,
buy used smartwatch,refurbished smart watch android,20,0.0,High,TicWatch Express (Refurbished Unit),Headline,1,https://www.mobvoi.com/hk/collections/refurbished,
buy used smartwatch,refurbished smart watch android,20,0.0,High,Refurbished Smart Watches,Headline,0,https://www.amazon.com/refurbished-smart-watches/s?k=refurbished+smart+watches,
buy used smartwatch,refurbished smart watch android,20,0.0,High,Refurbished Smartwatches,Headline,0,https://www.bestbuy.com/site/searchpage.jsp?_dyncharset=UTF-8&browsedCategory=pcmcat321000050004&id=pcat17071&iht=n&ks=960&list=y&qp=condition_facet%3DCondition~Refurbished&sc=Global&st=categoryid%24pcmcat321000050004&type=page&usc=All%20Categories,
buy used smartwatch,refurbished smart watch android,20,0.0,High,Samsung Galaxy Watch Refurbished,Headline,0,https://www.walmart.com/c/kp/samsung-galaxy-watch-refurbished,
buy used smartwatch,refurbished smart watch android,20,0.0,High,Refurbished Smartwatches Deals,Headline,0,https://www.refurbed.es/c/smartwatches/,
buy used smartwatch,refurbished smart watch android,20,0.0,High,Refurbished Gadgets & Wearables,Headline,0,https://www.newegg.com/p/pl?N=100006940+4016,
buy used smartwatch,refurbished smart watch android,20,0.0,High,Is it worth buying an Apple watch from a secondhand?,Question,0,,
buy used smartwatch,refurbished smart watch android,20,0.0,High,How to know if my Pixel smartwatch is not refurbished?,Question,0,,
buy used smartwatch,refurbished smart watch android,20,0.0,High,Which smart watch is the best in price?,Question,0,,
buy used smartwatch,refurbished smart watch android,20,0.0,High,Which is the best smart watch on a budget?,Question,0,,
buy used smartwatch,refurbished smart watch android,20,0.0,High,Is buying a Geek Squad Certified Apple Watch a good idea?,Question,0,,
buy used smartwatch,refurbished smart watch android,20,0.0,High,Is an Apple Watch worth it? Should I buy used?,Question,0,,
buy used smartwatch,refurbished smart watch android,20,0.0,High,Why are used Apple Watches so cheap?,Question,0,,
buy used smartwatch,refurbished smart watch android,20,0.0,High,How many years do smartwatches usually last?,Question,0,,
buy used smartwatch,refurbished smart watch android,20,0.0,High,Should I buy a Samsung Galaxy smartwatch?,Question,0,,
buy used smartwatch,refurbished smart watch android,20,0.0,High,What is the best smartwatch under $50?,Question,0,,
buy used smartwatch,refurbished smart watch android,20,0.0,High,What is the best reasonably priced smartwatch?,Question,0,,
buy used smartwatch,refurbished smart watch android,20,0.0,High,Are smart watches a profitable product to sell online?,Question,0,,
buy used smartwatch,refurbished smart watch android,20,0.0,High,What is the best value for money smart watch for Android?,Question,0,,
buy used smartwatch,refurbished smart watch android,20,0.0,High,What's the best cheap smart watch $30 or less?,Question,0,,
buy used smartwatch,refurbished smart watch android,20,0.0,High,Is it too early to buy a smartwatch?,Question,0,,
buy used smartwatch,refurbished smart watch android,20,0.0,High,Is it still worth to get the original Pebble watch?,Question,0,,
buy used smartwatch,refurbished smart watch android,20,0.0,High,Which is a cheap and best smart watch in 2019?,Question,0,,
buy used smartwatch,refurbished smart watch android,20,0.0,High,What are the best smart watch with average price?,Question,0,,
buy used smartwatch,refurbished smart watch android,20,0.0,High,Can you suggest me best smart watch in affordable price?,Question,0,,
buy used smartwatch,refurbished smart watch android,20,0.0,High,How long do Samsung Galaxy smartwatches last?,Question,0,,
buy used smartwatch,refurbished smart watch android,20,0.0,High,Are there any Android smart watches that work with iPhones?,Question,0,,
buy used smartwatch,refurbished smart watch android,20,0.0,High,Is pebble smartwatch worth a buy?,Question,0,,
buy used smartwatch,refurbished smart watch android,20,0.0,High,What do you think about smartwatches from Apple?,Question,0,,
buy used smartwatch,refurbished smart watch android,20,0.0,High,Is Boat's Storm smartwatch worth buying?,Question,0,,
buy used smartwatch,refurbished smart watch android,20,0.0,High,What is the best smart watch for hiking and workout tracking?,Question,0,,
buy used smartwatch,refurbished smart watch android,20,0.0,High,Which smartwatch supports the Step Set Go app?,Question,0,,
buy used smartwatch,refurbished smart watch android,20,0.0,High,Should I buy a Pebble watch in 2018?,Question,0,,
buy used smartwatch,refurbished smart watch android,20,0.0,High,Does Samsung make good smartwatches?,Question,0,,
buy used smartwatch,refurbished smart watch android,20,0.0,High,What is your review of the Fire Boltt Beast smartwatch?,Question,0,,
buy used smartwatch,refurbished smart watch android,20,0.0,High,What are the pros and cons of an Apple Watch?,Question,0,,
buy used smartwatch,refurbished smart watch android,20,0.0,High,Are smart watches killing the luxury watch market?,Question,0,,
buy used smartwatch,refurbished smart watch android,20,0.0,High,What cheap smart watch is good for people that always faint?,Question,0,,
buy used smartwatch,refurbished smart watch android,20,0.0,High,What is a popular Samsung smartwatch model?,Question,0,,
buy used smartwatch,refurbished smart watch android,20,0.0,High,What is your review of Amazfit smart watches?,Question,0,,
buy used smartwatch,refurbished smart watch android,20,0.0,High,What is the best unisex smart watch?,Question,0,,
buy used smartwatch,refurbished smart watch android,20,0.0,High,How long do smart watches last per charge?,Question,0,,
buy used smartwatch,refurbished smart watch android,20,0.0,High,What are the advantages/disadvantages of smart watches?,Question,0,,
buy used smartwatch,refurbished smart watch android,20,0.0,High,Is it worth to buy pebble watch to be used in India?,Question,0,,
buy used smartwatch,refurbished smart watch android,20,0.0,High,What is better luxury watch or smartwatch?,Question,0,,
buy used smartwatch,refurbished smart watch android,20,0.0,High,Which is the best smart watch that I can buy under $200?,Question,0,,
buy used smartwatch,refurbished smart watch android,20,0.0,High,Is boAt Xtend Smartwatch worth buying?,Question,0,,
buy used smartwatch,refurbished smart watch android,20,0.0,High,Which one is the best Samsung smartwatch?,Question,0,,
buy used smartwatch,refurbished smart watch android,20,0.0,High,How to purchase an iPhone if I don't have money?,Question,0,,
buy used smartwatch,refurbished smart watch android,20,0.0,High,How to use my Kalinco P22 smart watch?,Question,0,,
buy used smartwatch,refurbished smart watch android,20,0.0,High,What is a suggested fitness and sports smartwatch?,Question,0,,
buy used smartwatch,refurbished smart watch android,20,0.0,High,Which is the most reliable site for refurbished electronics?,Question,0,,
buy used smartwatch,refurbished smart watch android,20,0.0,High,Are Firebolt watches good?,Question,0,,
buy used smartwatch,refurbished smart watch android,20,0.0,High,Aashish Pradhan?,Question,0,,
buy used smartwatch,refurbished smart watch android,20,0.0,High,What are the best smartwatches for women in India?,Question,0,,
buy used smartwatch,refurbished smart watch android,20,0.0,High,What is the best cheap smartwatches?,Question,0,,
buy used smartwatch,refurbished smart watch android,20,0.0,High,Is it worth opting for a last-gen Apple Watch to save money?,Question,0,,
buy used smartwatch,refurbished smart watch android,20,0.0,High,"Which is better, Crossbeats Pebble or Evolve?",Question,0,,
buy used smartwatch,refurbished smart watch apple,20,0.0,High,Refurbished Apple Watch Deals,Headline,761,https://www.apple.com/shop/refurbished/watch,
buy used smartwatch,refurbished smart watch apple,20,0.0,High,Apple Watch for Sale,Headline,47,https://www.ebay.com/b/Apple-Watches/178893/bn_152159,
buy used smartwatch,refurbished smart watch apple,20,0.0,High,Buy Refurbished Apple Smart Watches for Sale,Headline,42,https://cellularprofessor.com/smart-watches/,
buy used smartwatch,refurbished smart watch apple,20,0.0,High,Cheap Refurbished Apple Watch Deals,Headline,4,https://www.theioutlet.com/product-category/refurbished-apple-watches/,
buy used smartwatch,refurbished smart watch apple,20,0.0,High,Refurbished Apple Watch in Apple Watch,Headline,3,https://www.walmart.com/browse/electronics/refurbished-apple-watch/3944_1229722_1890925_6325382,
buy used smartwatch,refurbished smart watch apple,20,0.0,High,"""apple watch refurbished"" (151)",Headline,2,https://www.bestbuy.com/site/searchpage.jsp?id=pcat17071&st=apple+watch+refurbished,
buy used smartwatch,refurbished smart watch apple,20,0.0,High,Certified Refurbished Apple Watches,Headline,0,https://reebelo.com/collections/apple-watches,
buy used smartwatch,refurbished smart watch apple,20,0.0,High,Buy Used & Refurbished Apple Watches,Headline,0,https://www.plug.tech/collections/apple-watches,
buy used smartwatch,refurbished smart watch apple,20,0.0,High,Smartwatches : Target Certified Refurbished,Headline,0,https://www.target.com/c/target-certified-refurbished/smartwatches/-/N-ow8ckZy3c74,
buy used smartwatch,refurbished smart watch apple,20,0.0,High,Apple on sale refurbished smartwatch,Headline,0,https://colliesan-smile.com/?c=180056216,
buy used smartwatch,refurbished smart watch apple,20,0.0,High,Is it safe to buy a refurbished Apple Watch?,Question,0,,
buy used smartwatch,refurbished smart watch apple,20,0.0,High,Is an Apple Watch worth it? Should I buy used?,Question,0,,
buy used smartwatch,refurbished smart watch apple,20,0.0,High,Why are used Apple Watches so cheap?,Question,0,,
buy used smartwatch,refurbished smart watch apple,20,0.0,High,Will an Apple Watch refurbished by Apple be water resistant?,Question,0,,
buy used smartwatch,refurbished smart watch apple,20,0.0,High,Does the Apple Watch have a secondhand clock?,Question,0,,
buy used smartwatch,refurbished smart watch apple,20,0.0,High,How to know if my Pixel smartwatch is not refurbished?,Question,0,,
buy used smartwatch,refurbished smart watch apple,20,0.0,High,What do you think about smartwatches from Apple?,Question,0,,
buy used smartwatch,refurbished smart watch apple,20,0.0,High,Where can I get a new Apple Watch?,Question,0,,
buy used smartwatch,refurbished smart watch apple,20,0.0,High,Is it worth opting for a last-gen Apple Watch to save money?,Question,0,,
buy used smartwatch,refurbished smart watch apple,20,0.0,High,What are the pros and cons of an Apple Watch?,Question,0,,
buy used smartwatch,refurbished smart watch apple,20,0.0,High,How many years do smartwatches usually last?,Question,0,,
buy used smartwatch,refurbished smart watch apple,20,0.0,High,Which smart watch is the best in price?,Question,0,,
buy used smartwatch,refurbished smart watch apple,20,0.0,High,What are the benefits of buying new or used watches?,Question,0,,
buy used smartwatch,refurbished smart watch apple,20,0.0,High,How to know if your Apple Watch is outdated?,Question,0,,
buy used smartwatch,refurbished smart watch apple,20,0.0,High,Can I wear my Apple Watch to Fort Benning basic training?,Question,0,,
buy used smartwatch,refurbished smart watch apple,20,0.0,High,What is your review of the Fire Boltt Beast smartwatch?,Question,0,,
buy used smartwatch,refurbished smart watch apple,20,0.0,High,Is Boat's Storm smartwatch worth buying?,Question,0,,
buy used smartwatch,refurbished smart watch apple,20,0.0,High,Which smartwatch supports the Step Set Go app?,Question,0,,
buy used smartwatch,refurbished smart watch apple,20,0.0,High,How to purchase an iPhone if I don't have money?,Question,0,,
buy used smartwatch,refurbished smart watch apple,20,0.0,High,Does Samsung make good smartwatches?,Question,0,,
buy used smartwatch,refurbished smart watch apple,20,0.0,High,Is it still worth to get the original Pebble watch?,Question,0,,
buy used smartwatch,refurbished smart watch apple,20,0.0,High,What is the best unisex smart watch?,Question,0,,
buy used smartwatch,refurbished smart watch apple,20,0.0,High,Should I buy a Samsung Galaxy smartwatch?,Question,0,,
buy used smartwatch,refurbished smart watch apple,20,0.0,High,What is a popular Samsung smartwatch model?,Question,0,,
buy used smartwatch,refurbished smart watch apple,20,0.0,High,Can I trust and buy open box electronic devices in best Buy?,Question,0,,
buy used smartwatch,refurbished smart watch apple,20,0.0,High,How is the new Apple Watch series?,Question,0,,
buy used smartwatch,refurbished smart watch apple,20,0.0,High,What is better luxury watch or smartwatch?,Question,0,,
buy used smartwatch,refurbished smart watch apple,20,0.0,High,On Amazon is “Used like new” worth buying?,Question,0,,
buy used smartwatch,refurbished smart watch apple,20,0.0,High,Which is the best smart watch on a budget?,Question,0,,
buy used smartwatch,refurbished smart watch apple,20,0.0,High,What is the best smart health watch?,Question,0,,
buy used smartwatch,refurbished smart watch apple,20,0.0,High,Why should I buy pre-owned watches?,Question,0,,
buy used smartwatch,refurbished smart watch apple,20,0.0,High,What cheap smart watch is good for people that always faint?,Question,0,,
buy used smartwatch,refurbished smart watch apple,20,0.0,High,What is the best reasonably priced smartwatch?,Question,0,,
buy used smartwatch,refurbished smart watch apple,20,0.0,High,Is it too early to buy a smartwatch?,Question,0,,
buy used smartwatch,refurbished smart watch apple,20,0.0,High,What is the best smart watch for hiking and workout tracking?,Question,0,,
buy used smartwatch,refurbished smart watch apple,20,0.0,High,Is the Apple Watch Ultra worth it?,Question,0,,
buy used smartwatch,refurbished smart watch apple,20,0.0,High,What is your review of Amazfit smart watches?,Question,0,,
buy used smartwatch,refurbished smart watch apple,20,0.0,High,What is the best smartwatch under $50?,Question,0,,
buy used smartwatch,refurbished smart watch apple,20,0.0,High,Are smart watches killing the luxury watch market?,Question,0,,
buy used smartwatch,refurbished smart watch apple,20,0.0,High,What is the best value for money smart watch for Android?,Question,0,,
buy used smartwatch,refurbished smart watch apple,20,0.0,High,What is the best time to buy an Apple watch?,Question,0,,
buy used smartwatch,refurbished smart watch apple,20,0.0,High,How to remove deep scratches on an Apple Watch screen?,Question,0,,
buy used smartwatch,refurbished smart watch apple,20,0.0,High,Is there any CMF Watch Pro 2?,Question,0,,
buy used smartwatch,refurbished smart watch apple,20,0.0,High,What are the best smart watch with average price?,Question,0,,
buy used smartwatch,refurbished smart watch apple,20,0.0,High,Can you suggest me best smart watch in affordable price?,Question,0,,
buy used smartwatch,refurbished smart watch apple,20,0.0,High,Which is a cheap and best smart watch in 2019?,Question,0,,
buy used smartwatch,where to sell old smartwatch,20,0.0,High,How to Sell Your Old Smartwatch or Fitness Tracker,Headline,45,https://www.wired.com/story/how-to-sell-smartwatch-fitness-tracker/,
buy used smartwatch,where to sell old smartwatch,20,0.0,High,Sell Smartwatch Fast for Cash,Headline,35,https://www.gizmogo.com/sell-smartwatches,
buy used smartwatch,where to sell old smartwatch,20,0.0,High,Sell Smartwatch,Headline,25,https://www.sellcell.com/sell/smartwatches/,
buy used smartwatch,where to sell old smartwatch,20,0.0,High,Sell Your Smart Watch for Cash,Headline,5,https://greenbuyback.com/smartwatch/,
buy used smartwatch,where to sell old smartwatch,20,0.0,High,Used Electronics Store Dallas,Headline,4,https://rechargeelectronics.com/smart-watches/,
buy used smartwatch,where to sell old smartwatch,20,0.0,High,Sell Your Smartwatch Online for Cash,Headline,2,https://techpayout.com/sell-my/sell-my-smartwatch/,
buy used smartwatch,where to sell old smartwatch,20,0.0,High,Sell Your Smartwatch For Cash!,Headline,1,https://www.gadgetsalvation.com/sell-smartwatch,
buy used smartwatch,where to sell old smartwatch,20,0.0,High,Sell Smartwatch & Trade in,Headline,0,https://www.jaybrokers.com/category/smartwatch,
buy used smartwatch,where to sell old smartwatch,20,0.0,High,Best Site for Selling Smartwatch : r/WearOS,Headline,0,https://www.reddit.com/r/WearOS/comments/12q927f/best_site_for_selling_smartwatch/,
buy used smartwatch,where to sell old smartwatch,20,0.0,High,Sell Smartwatch Online,Headline,0,https://www.laptopnuts.com/sell-smartwatch-online/,
buy used smartwatch,where to sell old smartwatch,20,0.0,High,Do pawnshops buy smartwatches?,Question,0,,
buy used smartwatch,where to sell old smartwatch,20,0.0,High,Where can I sell watches on the Internet?,Question,0,,
buy used smartwatch,where to sell old smartwatch,20,0.0,High,Where can I easily sell old gadgets in the United States?,Question,0,,
buy used smartwatch,where to sell old smartwatch,20,0.0,High,Where can I sell watches for cash near me?,Question,0,,
buy used smartwatch,where to sell old smartwatch,20,0.0,High,Where can I sell or buy a used electronic device?,Question,0,,
buy used smartwatch,where to sell old smartwatch,20,0.0,High,What are some reputable companies that sell used gadgets?,Question,0,,
buy used smartwatch,where to sell old smartwatch,20,0.0,High,Where do I sell my old gadgets?,Question,0,,
buy used smartwatch,where to sell old smartwatch,20,0.0,High,Is it allowed to resell used watches on Amazon?,Question,0,,
buy used smartwatch,where to sell old smartwatch,20,0.0,High,How to sell watches online?,Question,0,,
buy used smartwatch,where to sell old smartwatch,20,0.0,High,Are smart watches a profitable product to sell online?,Question,0,,
buy used smartwatch,where to sell old smartwatch,20,0.0,High,Where can I buy used watches?,Question,0,,
buy used smartwatch,where to sell old smartwatch,20,0.0,High,Where can I market my watches?,Question,0,,
buy used smartwatch,where to sell old smartwatch,20,0.0,High,Why should you not buy a smartwatch?,Question,0,,
buy used smartwatch,where to sell old smartwatch,20,0.0,High,What are the benefits of buying new or used watches?,Question,0,,
buy used smartwatch,where to sell old smartwatch,20,0.0,High,How much is a Fossil watch worth?,Question,0,,
buy used smartwatch,where to sell old smartwatch,20,0.0,High,Which watch should I buy a smart watch or a normal watch?,Question,0,,
buy used smartwatch,where to sell old smartwatch,20,0.0,High,Do you think smart watches are a waste of money?,Question,0,,
buy used smartwatch,where to sell old smartwatch,20,0.0,High,Why are used Apple Watches so cheap?,Question,0,,
buy used smartwatch,where to sell old smartwatch,20,0.0,High,Where can I sell my more than 5-year-old mobile phones?,Question,0,,
buy used smartwatch,where to sell old smartwatch,20,0.0,High,How well is the Apple Watch selling?,Question,0,,
buy used smartwatch,where to sell old smartwatch,20,0.0,High,Is a smartwatch that costs more than $200 worth buying?,Question,0,,
buy used smartwatch,where to sell old smartwatch,20,0.0,High,What is the average profit from buying and selling a watch?,Question,0,,
buy used smartwatch,where to sell old smartwatch,20,0.0,High,Is an Apple Watch worth it? Should I buy used?,Question,0,,
buy used smartwatch,where to sell old smartwatch,20,0.0,High,Should we buy 2nd hand watch as per astrology?,Question,0,,
buy used smartwatch,where to sell old smartwatch,20,0.0,High,How to know if my Pixel smartwatch is not refurbished?,Question,0,,
buy used smartwatch,where to sell old smartwatch,20,0.0,High,Did you regret buying an Apple Watch?,Question,0,,
buy used smartwatch,where to sell old smartwatch,20,0.0,High,Are smartwatches worth buying?,Question,0,,
buy used smartwatch,where to sell old smartwatch,20,0.0,High,Does Rolex know if you sell a watch?,Question,0,,
buy used smartwatch,where to sell old smartwatch,20,0.0,High,What is the best selling smart watch in 2021?,Question,0,,
buy used smartwatch,where to sell old smartwatch,20,0.0,High,Should I choose a smart watch or a traditional watch?,Question,0,,
buy used smartwatch,where to sell old smartwatch,20,0.0,High,Should you buy a Tag Heuer watch new or second hand?,Question,0,,
buy used smartwatch,where to sell old smartwatch,20,0.0,High,Amitav Pattanayak?,Question,0,,
buy used smartwatch,where to sell old smartwatch,20,0.0,High,Why must you buy a smartwatch in 2023?,Question,0,,
buy used smartwatch,where to sell old smartwatch,20,0.0,High,Do people still buy smartwatches?,Question,0,,
buy used smartwatch,where to sell old smartwatch,20,0.0,High,Does the Apple Watch have a secondhand clock?,Question,0,,
buy used smartwatch,where to sell old smartwatch,20,0.0,High,Is Boat's Storm smartwatch worth buying?,Question,0,,
buy used smartwatch,where to sell old smartwatch,20,0.0,High,Would you purchase a new smart watch?,Question,0,,
buy used smartwatch,where to sell old smartwatch,20,0.0,High,Is it safe to wear a smartwatch all the time?,Question,0,,
buy used smartwatch,where to sell old smartwatch,20,0.0,High,"In the long run, will smartwatches really take off?",Question,0,,
buy used smartwatch,where to sell old smartwatch,20,0.0,High,Is the Apple Watch worth buying for $200 or more?,Question,0,,
buy used smartwatch,where to sell old smartwatch,20,0.0,High,Should I buy a Samsung Galaxy smartwatch?,Question,0,,
buy used smartwatch,where to sell old smartwatch,20,0.0,High,On which arm should I wear my smartwatch?,Question,0,,
buy used smartwatch,where to sell old smartwatch,20,0.0,High,On Amazon is “Used like new” worth buying?,Question,0,,
buy used smartwatch,where to sell old smartwatch,20,0.0,High,Is it good to buy an Apple watch from Japan?,Question,0,,
buy used smartwatch,where to sell old smartwatch,20,0.0,High,Is it risky to buy an Apple Watch?,Question,0,,
buy used smartwatch,where to sell used smart watch,20,0.0,High,How to Sell Your Old Smartwatch or Fitness Tracker,Headline,45,https://www.wired.com/story/how-to-sell-smartwatch-fitness-tracker/,
buy used smartwatch,where to sell used smart watch,20,0.0,High,Sell Smartwatch,Headline,25,https://www.sellcell.com/sell/smartwatches/,
buy used smartwatch,where to sell used smart watch,20,0.0,High,Sell Your Smart Watch for Cash,Headline,5,https://greenbuyback.com/smartwatch/,
buy used smartwatch,where to sell used smart watch,20,0.0,High,Used Electronics Store Dallas,Headline,4,https://rechargeelectronics.com/smart-watches/,
buy used smartwatch,where to sell used smart watch,20,0.0,High,Sell Your Smartwatch Online for Cash,Headline,2,https://techpayout.com/sell-my/sell-my-smartwatch/,
buy used smartwatch,where to sell used smart watch,20,0.0,High,The Resale Value of Smartwatches,Headline,2,https://mygemma.com/blogs/news/resale-value-smartwatches,
buy used smartwatch,where to sell used smart watch,20,0.0,High,Sell Your Smartwatch For Cash!,Headline,1,https://www.gadgetsalvation.com/sell-smartwatch,
buy used smartwatch,where to sell used smart watch,20,0.0,High,Best Site for Selling Smartwatch : r/WearOS,Headline,0,https://www.reddit.com/r/WearOS/comments/12q927f/best_site_for_selling_smartwatch/,
buy used smartwatch,where to sell used smart watch,20,0.0,High,Sell Smartwatch & Trade in,Headline,0,https://www.jaybrokers.com/category/smartwatch,
buy used smartwatch,where to sell used smart watch,20,0.0,High,Sell Smartwatch Online,Headline,0,https://www.laptopnuts.com/sell-smartwatch-online/,
buy used smartwatch,where to sell used smart watch,20,0.0,High,Do pawnshops buy smartwatches?,Question,0,,
buy used smartwatch,where to sell used smart watch,20,0.0,High,Where can I easily sell old gadgets in the United States?,Question,0,,
buy used smartwatch,where to sell used smart watch,20,0.0,High,Are smart watches a profitable product to sell online?,Question,0,,
buy used smartwatch,where to sell used smart watch,20,0.0,High,What are some reputable companies that sell used gadgets?,Question,0,,
buy used smartwatch,where to sell used smart watch,20,0.0,High,Where can I buy a smartwatch online?,Question,0,,
buy used smartwatch,where to sell used smart watch,20,0.0,High,Where can I sell watches on the Internet?,Question,0,,
buy used smartwatch,where to sell used smart watch,20,0.0,High,How to find a real smartwatch wholesaler in China?,Question,0,,
buy used smartwatch,where to sell used smart watch,20,0.0,High,Deals 24/7?,Question,0,,
buy used smartwatch,where to sell used smart watch,20,0.0,High,Where can I buy used watches?,Question,0,,
buy used smartwatch,where to sell used smart watch,20,0.0,High,Do you think smart watches are a waste of money?,Question,0,,
buy used smartwatch,where to sell used smart watch,20,0.0,High,Where can I sell my more than 5-year-old mobile phones?,Question,0,,
buy used smartwatch,where to sell used smart watch,20,0.0,High,Do people still buy smartwatches?,Question,0,,
buy used smartwatch,where to sell used smart watch,20,0.0,High,Why should you not buy a smartwatch?,Question,0,,
buy used smartwatch,where to sell used smart watch,20,0.0,High,How to know if my Pixel smartwatch is not refurbished?,Question,0,,
buy used smartwatch,where to sell used smart watch,20,0.0,High,Why are used Apple Watches so cheap?,Question,0,,
buy used smartwatch,where to sell used smart watch,20,0.0,High,How well is the Apple Watch selling?,Question,0,,
buy used smartwatch,where to sell used smart watch,20,0.0,High,Where do I get the best smartwatch in a limited budget?,Question,0,,
buy used smartwatch,where to sell used smart watch,20,0.0,High,Are smart watches killing the luxury watch market?,Question,0,,
buy used smartwatch,where to sell used smart watch,20,0.0,High,How to start a smartwatch company?,Question,0,,
buy used smartwatch,where to sell used smart watch,20,0.0,High,What is a decent smartwatch that can be used as a phone?,Question,0,,
buy used smartwatch,where to sell used smart watch,20,0.0,High,Are smartwatches worth buying?,Question,0,,
buy used smartwatch,where to sell used smart watch,20,0.0,High,Ujjwal Singh?,Question,0,,
buy used smartwatch,where to sell used smart watch,20,0.0,High,What do people think about smart watches?,Question,0,,
buy used smartwatch,where to sell used smart watch,20,0.0,High,What is the best selling Amazon Smart Watch?,Question,0,,
buy used smartwatch,where to sell used smart watch,20,0.0,High,I want to start my own watch company. How can I begin?,Question,0,,
buy used smartwatch,where to sell used smart watch,20,0.0,High,Is it worth getting a Samsung Galaxy watch?,Question,0,,
buy used smartwatch,where to sell used smart watch,20,0.0,High,Why do you not like smart watches?,Question,0,,
buy used smartwatch,where to sell used smart watch,20,0.0,High,Would you purchase a new smart watch?,Question,0,,
buy used smartwatch,where to sell used smart watch,20,0.0,High,Can smartwatches be more stylish than regular watches?,Question,0,,
buy used smartwatch,where to sell used smart watch,20,0.0,High,Will smartwatches replace the traditional watches?,Question,0,,
buy used smartwatch,where to sell used smart watch,20,0.0,High,Is an Apple Watch worth it? Should I buy used?,Question,0,,
buy used smartwatch,where to sell used smart watch,20,0.0,High,What is your review of Amazfit smart watches?,Question,0,,
buy used smartwatch,where to sell used smart watch,20,0.0,High,Why should I buy a smart watch instead of an analog watch?,Question,0,,
buy used smartwatch,where to sell used smart watch,20,0.0,High,Is Boat's Storm smartwatch worth buying?,Question,0,,
buy used smartwatch,where to sell used smart watch,20,0.0,High,Why the sell of smart watch is being increased day by day?,Question,0,,
buy used smartwatch,where to sell used smart watch,20,0.0,High,Why does a smartwatch need a sim card?,Question,0,,
buy used smartwatch,where to sell used smart watch,20,0.0,High,"In the long run, will smartwatches really take off?",Question,0,,
buy used smartwatch,where to sell used smart watch,20,0.0,High,Are smartwatches useless?,Question,0,,
buy used smartwatch,where to sell used smart watch,20,0.0,High,What are the best smartwatches on sale right now?,Question,0,,
buy used smartwatch,where to sell used smart watch,20,0.0,High,Do you prefer classical watches over smartwatches?,Question,0,,
buy used smartwatch,where to sell used smart watch,20,0.0,High,"A smartwatch, an automatic watch or a quartz watch?",Question,0,,
buy used smartwatch,where to sell used smart watch,20,0.0,High,Which smartwatch company is the best at a low price?,Question,0,,
buy used smartwatch,where to sell used smart watch,20,0.0,High,What is the best smartwatch for me?,Question,0,,
buy used smartwatch,where to sell used smart watch,20,0.0,High,Is it weird to develop a relationship with your smartwatch?,Question,0,,
buy used smartwatch,where to sell used smart watch,20,0.0,High,"Which is best for you, an Apple or a Samsung smartwatch?",Question,0,,
buy used smartwatch,where to sell used smart watch,20,0.0,High,On Amazon is “Used like new” worth buying?,Question,0,,